Time,Open,High,Low,Close,Volume,Count
06.11.2015 10:00:00,749.4,750.9,749,750.5,6960,54
06.11.2015 10:01:00,750,750,749.7,749.9,510,10
06.11.2015 10:02:00,749.1,749.9,749.1,749.9,250,5
06.11.2015 10:03:00,749.8,749.9,749.8,749.9,270,4
06.11.2015 10:04:00,749.2,749.2,749.1,749.1,70,3
06.11.2015 10:05:00,749.9,751,749.9,751,1810,23
06.11.2015 10:06:00,750.6,750.6,750.5,750.5,290,3
06.11.2015 10:07:00,749.7,750.5,749.7,750.5,320,4
06.11.2015 10:08:00,750.4,750.9,750.4,750.9,720,11
06.11.2015 10:09:00,750.9,750.9,750.9,750.9,150,2
06.11.2015 10:10:00,750.9,751.2,750.3,751.2,400,8
06.11.2015 10:11:00,751,751.4,751,751.4,1180,8
06.11.2015 10:12:00,750.7,750.7,750.3,750.3,990,4
06.11.2015 10:13:00,750.3,751.1,750.2,750.3,1610,8
06.11.2015 10:14:00,750.4,751.8,750.3,751,6260,48
06.11.2015 10:15:00,751,751.8,750.9,751.7,4300,24
06.11.2015 10:16:00,751.9,752.8,751.7,752.4,5560,49
06.11.2015 10:17:00,752.4,752.9,752.1,752.6,2480,18
06.11.2015 10:18:00,752.7,753.3,752.7,753,2220,19
06.11.2015 10:19:00,753.2,753.8,753.2,753.2,510,16
06.11.2015 10:20:00,753.8,753.8,750.8,751.3,5090,40
06.11.2015 10:21:00,750.8,751.7,750.8,751.7,1310,16
06.11.2015 10:22:00,751.1,752.6,751,752.6,9160,63
06.11.2015 10:23:00,751.8,753,751.5,752.6,8610,65
06.11.2015 10:24:00,751.7,752.3,751.7,752.3,900,7
06.11.2015 10:25:00,752.3,752.3,752.3,752.3,0,0
06.11.2015 10:26:00,751.5,753.1,751.5,753.1,7120,56
06.11.2015 10:27:00,752.5,753.1,751.8,752.4,6690,110
06.11.2015 10:28:00,751.9,752.7,751.8,752.6,920,32
06.11.2015 10:29:00,752.5,753,752.1,752.1,240,8
06.11.2015 10:30:00,752.7,752.8,752.2,752.2,170,11
06.11.2015 10:31:00,752.2,752.8,752.2,752.8,30,2
06.11.2015 10:32:00,752.8,752.8,752.8,752.8,0,0
06.11.2015 10:33:00,752.7,752.7,752.7,752.7,160,3
06.11.2015 10:34:00,752.7,752.7,752.3,752.7,240,3
06.11.2015 10:35:00,752.3,752.8,752.2,752.8,470,7
06.11.2015 10:36:00,752.6,752.6,752.6,752.6,160,2
06.11.2015 10:37:00,752.6,752.6,752.6,752.6,120,2
06.11.2015 10:38:00,752.6,752.6,752.6,752.6,0,0
06.11.2015 10:39:00,752.1,752.1,752.1,752.1,10,1
06.11.2015 10:40:00,752.1,752.1,751.3,751.9,1130,13
06.11.2015 10:41:00,751.9,751.9,751.4,751.9,300,8
06.11.2015 10:42:00,751.8,751.8,751.8,751.8,130,2
06.11.2015 10:43:00,751.8,752.4,751.8,752.4,1360,23
06.11.2015 10:44:00,751.8,751.8,751.8,751.8,50,2
06.11.2015 10:45:00,751.6,751.6,751.4,751.4,260,7
06.11.2015 10:46:00,751.4,751.4,751.1,751.1,1120,21
06.11.2015 10:47:00,751.1,751.1,751.1,751.1,20,1
06.11.2015 10:48:00,751.1,751.1,751.1,751.1,90,3
06.11.2015 10:49:00,751.7,751.7,751.7,751.7,20,2
06.11.2015 10:50:00,751.6,751.8,751.6,751.8,150,2
06.11.2015 10:51:00,751.2,751.2,751,751,800,5
06.11.2015 10:52:00,751.8,751.8,751,751,70,3
06.11.2015 10:53:00,751,751,751,751,0,0
06.11.2015 10:54:00,751,751.7,751,751.7,850,2
06.11.2015 10:55:00,751,751.1,751,751,80,4
06.11.2015 10:56:00,751.4,751.5,751,751,210,4
06.11.2015 10:57:00,751,751.4,750.2,750.2,1620,19
06.11.2015 10:58:00,750.2,750.2,750,750,280,10
06.11.2015 10:59:00,750,750,749.2,749.2,740,12
06.11.2015 11:00:00,749.2,749.8,748.1,748.5,2830,35
06.11.2015 11:01:00,748.8,749.9,748.5,749.3,1960,11
06.11.2015 11:02:00,749.8,751.2,749.6,750.7,2980,17
06.11.2015 11:03:00,750.8,752.4,750.8,751.9,1460,24
06.11.2015 11:04:00,752.5,752.7,750.4,750.4,3550,35
06.11.2015 11:05:00,750.2,751,750.1,751,170,3
06.11.2015 11:06:00,751.1,751.1,751,751,230,4
06.11.2015 11:07:00,751.4,751.7,751.3,751.3,1130,12
06.11.2015 11:08:00,751.5,751.8,751.5,751.5,470,11
06.11.2015 11:09:00,751.8,753,751.5,753,4100,20
06.11.2015 11:10:00,753,753,751.9,751.9,1090,6
06.11.2015 11:11:00,752,752.3,752,752.3,70,2
06.11.2015 11:12:00,752.2,752.3,752.2,752.3,100,4
06.11.2015 11:13:00,752.3,752.9,752.3,752.3,90,3
06.11.2015 11:14:00,752.9,754.2,752.9,753.6,3010,51
06.11.2015 11:15:00,753.2,753.2,753.1,753.1,80,5
06.11.2015 11:16:00,753.1,753.9,752.8,752.9,2080,16
06.11.2015 11:17:00,753.9,753.9,753.2,753.2,450,4
06.11.2015 11:18:00,753.8,754,753.5,753.8,630,12
06.11.2015 11:19:00,753.8,754.3,753.8,753.8,290,4
06.11.2015 11:20:00,754.3,754.7,753.9,753.9,6520,43
06.11.2015 11:21:00,754.5,756,754.5,755.5,11650,95
06.11.2015 11:22:00,756,756.3,755.7,755.7,2780,31
06.11.2015 11:23:00,756,756.4,755.7,755.7,950,26
06.11.2015 11:24:00,756.3,757,756.2,756.9,18400,81
06.11.2015 11:25:00,756.9,757.4,754.7,756.4,29150,209
06.11.2015 11:26:00,756.4,757.6,756.1,756.8,6980,92
06.11.2015 11:27:00,756.8,757.1,756.4,756.9,900,32
06.11.2015 11:28:00,756.8,756.9,755.5,756.1,8450,46
06.11.2015 11:29:00,756.1,756.3,754,754.1,7340,78
06.11.2015 11:30:00,754.7,754.7,754.2,754.2,200,10
06.11.2015 11:31:00,754.6,755,754.3,754.3,500,18
06.11.2015 11:32:00,754.3,754.8,754.1,754.1,120,5
06.11.2015 11:33:00,754.8,754.8,754.1,754.3,1500,12
06.11.2015 11:34:00,754.8,754.8,754.4,754.4,120,6
06.11.2015 11:35:00,754.4,754.4,754.3,754.3,80,2
06.11.2015 11:36:00,754.3,754.6,754.1,754.1,370,8
06.11.2015 11:37:00,754.6,754.6,754.1,754.2,490,11
06.11.2015 11:38:00,754.6,754.6,754.1,754.1,90,3
06.11.2015 11:39:00,754.6,754.6,754.1,754.2,300,4
06.11.2015 11:40:00,754.1,754.1,754.1,754.1,350,3
06.11.2015 11:41:00,754.1,754.1,750.5,751.1,10630,64
06.11.2015 11:42:00,751,751.1,750.4,750.6,470,12
06.11.2015 11:43:00,750.7,751.4,750.7,751.4,2080,10
06.11.2015 11:44:00,752,752,751.4,751.4,360,3
06.11.2015 11:45:00,751.6,752,751.5,751.6,130,4
06.11.2015 11:46:00,752.2,752.3,751.6,751.6,390,5
06.11.2015 11:47:00,751.7,751.9,751.7,751.7,80,3
06.11.2015 11:48:00,751.8,752.3,751.4,751.4,870,13
06.11.2015 11:49:00,752,752.4,751.4,751.5,1130,9
06.11.2015 11:50:00,751.7,752,751.7,751.7,90,3
06.11.2015 11:51:00,751.7,751.7,751.4,751.4,180,5
06.11.2015 11:52:00,752.1,752.4,751.5,751.8,680,15
06.11.2015 11:53:00,752.3,752.4,751.8,751.8,520,10
06.11.2015 11:54:00,751.7,751.7,751.7,751.7,70,3
06.11.2015 11:55:00,752.2,752.5,751.7,751.7,890,34
06.11.2015 11:56:00,751.7,751.9,751.2,751.4,1110,33
06.11.2015 11:57:00,751.5,751.6,750.7,750.7,6140,21
06.11.2015 11:58:00,750.6,750.6,750.3,750.3,900,9
06.11.2015 11:59:00,750.9,750.9,750.3,750.5,80,3
06.11.2015 12:00:00,750.5,751,750.4,750.4,720,10
06.11.2015 12:01:00,750.8,751.3,750.4,750.4,930,14
06.11.2015 12:02:00,750.9,751,750.6,750.6,350,4
06.11.2015 12:03:00,750.6,750.7,750.6,750.7,80,3
06.11.2015 12:04:00,751.2,751.3,751,751,180,4
06.11.2015 12:05:00,751,751,750.7,750.7,400,10
06.11.2015 12:06:00,750.7,751.6,750.7,751.4,610,8
06.11.2015 12:07:00,751.2,751.9,751.2,751.9,260,8
06.11.2015 12:08:00,751.9,752.6,751.8,752.1,2390,13
06.11.2015 12:09:00,752.6,752.6,752.1,752.1,140,5
06.11.2015 12:10:00,752.6,752.8,752,752.8,370,6
06.11.2015 12:11:00,752.1,752.7,752.1,752.3,730,5
06.11.2015 12:12:00,752.8,753.1,752.3,753.1,500,10
06.11.2015 12:13:00,752.3,753,752.3,752.6,220,9
06.11.2015 12:14:00,752.3,752.5,752.1,752.1,100,5
06.11.2015 12:15:00,752.1,752.6,752,752,350,3
06.11.2015 12:16:00,752.6,752.6,751.7,751.8,290,6
06.11.2015 12:17:00,751.9,751.9,749.9,749.9,2760,31
06.11.2015 12:18:00,750,750.8,749.9,749.9,120,6
06.11.2015 12:19:00,750.6,750.6,750,750,450,9
06.11.2015 12:20:00,750,750,749.9,749.9,80,3
06.11.2015 12:21:00,749.9,749.9,749.7,749.7,310,7
06.11.2015 12:22:00,749.8,749.8,749.7,749.7,80,3
06.11.2015 12:23:00,750,750.5,749.7,749.7,170,10
06.11.2015 12:24:00,750.5,750.8,750.1,750.1,670,19
06.11.2015 12:25:00,750.7,750.9,750.3,750.3,130,10
06.11.2015 12:26:00,750.9,750.9,750.1,750.2,390,11
06.11.2015 12:27:00,750.8,750.9,750.1,750.1,100,7
06.11.2015 12:28:00,750.1,751,749.8,751,390,12
06.11.2015 12:29:00,751,751.5,750.6,750.9,480,15
06.11.2015 12:30:00,751.5,751.9,750.9,750.9,1280,17
06.11.2015 12:31:00,751.6,751.6,750.1,750.1,580,8
06.11.2015 12:32:00,750.8,750.8,749.6,749.6,460,20
06.11.2015 12:33:00,749.7,749.7,749.6,749.6,90,3
06.11.2015 12:34:00,749.6,749.6,749.5,749.5,880,6
06.11.2015 12:35:00,750.2,750.3,749.4,749.4,1240,15
06.11.2015 12:36:00,749.4,749.9,749.4,749.4,130,7
06.11.2015 12:37:00,749.4,749.4,749.4,749.4,80,2
06.11.2015 12:38:00,749.9,749.9,749.4,749.5,110,6
06.11.2015 12:39:00,749.5,749.5,749.3,749.3,1080,8
06.11.2015 12:40:00,749.3,750.2,749.3,749.5,4850,16
06.11.2015 12:41:00,749.5,750.9,749.5,749.5,2170,18
06.11.2015 12:42:00,749.5,749.5,749.4,749.4,150,9
06.11.2015 12:43:00,749.4,749.4,749.3,749.3,1100,9
06.11.2015 12:44:00,749.8,749.8,749.3,749.3,310,8
06.11.2015 12:45:00,749.7,749.8,749.3,749.3,1630,14
06.11.2015 12:46:00,749.7,749.7,749.3,749.3,350,10
06.11.2015 12:47:00,749.3,749.3,749.3,749.3,160,3
06.11.2015 12:48:00,749.6,750.7,749.6,750,6590,26
06.11.2015 12:49:00,750.6,750.6,750,750,270,2
06.11.2015 12:50:00,750,750,750,750,70,2
06.11.2015 12:51:00,750,750,749.7,749.7,250,7
06.11.2015 12:52:00,750.2,750.2,749.7,749.7,240,3
06.11.2015 12:53:00,749.6,749.6,749.6,749.6,80,2
06.11.2015 12:54:00,749.6,749.8,749.6,749.8,480,13
06.11.2015 12:55:00,749.6,749.7,749.6,749.7,80,2
06.11.2015 12:56:00,749.6,749.9,749.6,749.6,2680,14
06.11.2015 12:57:00,749.7,749.7,747.8,747.8,12530,76
06.11.2015 12:58:00,747.8,748.5,747.5,748.1,2840,24
06.11.2015 12:59:00,748.5,749.9,748.2,749,5380,33
06.11.2015 13:00:00,749.5,749.5,749,749,680,8
06.11.2015 13:01:00,749.1,749.1,749.1,749.1,80,2
06.11.2015 13:02:00,749.7,749.7,748.2,748.7,920,17
06.11.2015 13:03:00,748.8,748.8,748.8,748.8,90,5
06.11.2015 13:04:00,749.5,750.2,749.5,750.2,1230,16
06.11.2015 13:05:00,750.2,750.2,747.9,748.7,5250,20
06.11.2015 13:06:00,748.2,748.2,748.1,748.1,30,2
06.11.2015 13:07:00,748.1,748.1,748.1,748.1,80,2
06.11.2015 13:08:00,748.1,748.1,747.9,747.9,570,5
06.11.2015 13:09:00,748,748.7,748,748,180,4
06.11.2015 13:10:00,748.7,748.7,748.1,748.1,80,3
06.11.2015 13:11:00,748.1,748.1,748.1,748.1,80,2
06.11.2015 13:12:00,748.1,748.1,746.5,747.2,1990,51
06.11.2015 13:13:00,747.2,748.1,747.2,747.7,770,12
06.11.2015 13:14:00,747.7,747.9,747.3,747.3,590,7
06.11.2015 13:15:00,747.2,747.3,747.2,747.3,80,2
06.11.2015 13:16:00,747.8,748.6,747.8,748,1870,16
06.11.2015 13:17:00,748,748,747.5,747.5,1060,4
06.11.2015 13:18:00,747.4,748.1,747.4,747.4,540,6
06.11.2015 13:19:00,747.2,747.2,747.1,747.1,200,5
06.11.2015 13:20:00,747.2,748.2,747.2,748,390,5
06.11.2015 13:21:00,747.7,747.7,747.5,747.5,80,2
06.11.2015 13:22:00,747.2,747.8,747,747,880,14
06.11.2015 13:23:00,747.1,747.2,747.1,747.1,510,6
06.11.2015 13:24:00,747.7,747.7,747.1,747.2,150,5
06.11.2015 13:25:00,747.2,747.2,747.2,747.2,90,3
06.11.2015 13:26:00,747.3,747.5,747.3,747.3,120,3
06.11.2015 13:27:00,747.3,747.3,747.3,747.3,140,3
06.11.2015 13:28:00,747.2,747.5,747.2,747.3,250,6
06.11.2015 13:29:00,747.5,747.5,747.3,747.3,1110,4
06.11.2015 13:30:00,747.3,747.5,747.2,747.4,1160,8
06.11.2015 13:31:00,747.8,747.8,747.4,747.4,350,4
06.11.2015 13:32:00,747.4,747.5,746.8,746.8,5820,22
06.11.2015 13:33:00,746.9,747.4,746.8,747.4,680,9
06.11.2015 13:34:00,746.9,747.1,746.9,746.9,550,4
06.11.2015 13:35:00,746.8,746.8,746.8,746.8,70,2
06.11.2015 13:36:00,746.8,746.8,746.8,746.8,190,4
06.11.2015 13:37:00,746.8,746.8,746.7,746.7,760,9
06.11.2015 13:38:00,746.7,746.7,746.6,746.6,140,5
06.11.2015 13:39:00,746.6,746.6,746.6,746.6,80,2
06.11.2015 13:40:00,746.9,747.3,746.6,746.7,860,12
06.11.2015 13:41:00,746.6,746.6,746.6,746.6,80,2
06.11.2015 13:42:00,746.6,747,746.6,746.6,180,4
06.11.2015 13:43:00,746.6,746.6,746.6,746.6,80,3
06.11.2015 13:44:00,746.6,746.9,746.6,746.6,460,5
06.11.2015 13:45:00,746.4,746.7,746.4,746.5,1080,22
06.11.2015 13:46:00,746.5,746.9,746.5,746.5,110,3
06.11.2015 13:47:00,746.6,746.6,746.4,746.4,220,4
06.11.2015 13:48:00,746.4,746.4,746.3,746.3,250,7
06.11.2015 13:49:00,746.3,746.3,745.8,745.8,6330,27
06.11.2015 13:50:00,745.8,745.8,745.8,745.8,80,2
06.11.2015 13:51:00,746.2,746.2,745.9,745.9,90,4
06.11.2015 13:52:00,745.9,745.9,745.8,745.8,80,2
06.11.2015 13:53:00,745.8,745.8,745.8,745.8,80,2
06.11.2015 13:54:00,745.8,746.8,745.7,746.2,3210,17
06.11.2015 13:55:00,746.2,746.8,745.9,745.9,270,9
06.11.2015 13:56:00,745.9,745.9,745.9,745.9,580,7
06.11.2015 13:57:00,746.7,746.7,745.7,745.7,240,8
06.11.2015 13:58:00,745.9,745.9,745.7,745.7,310,5
06.11.2015 13:59:00,745.7,745.7,745.7,745.7,80,2
06.11.2015 14:00:00,745.7,745.7,745.7,745.7,220,5
06.11.2015 14:01:00,746.1,746.2,745.7,745.9,880,6
06.11.2015 14:02:00,746,746,745.7,745.7,90,5
06.11.2015 14:03:00,745.7,746.4,745.7,746,90,3
06.11.2015 14:04:00,746,746,746,746,220,6
06.11.2015 14:05:00,746,746.7,746,746.2,1290,18
06.11.2015 14:06:00,746.2,746.2,745.4,745.4,4330,37
06.11.2015 14:07:00,745.8,746.1,745.4,745.4,330,9
06.11.2015 14:08:00,745.4,746.9,745.4,746.1,900,13
06.11.2015 14:09:00,746.2,746.5,746.1,746.2,520,10
06.11.2015 14:10:00,746.5,746.5,746.2,746.2,530,15
06.11.2015 14:11:00,746.2,746.2,745.7,745.7,1880,17
06.11.2015 14:12:00,746.1,746.3,745.4,746.3,1310,17
06.11.2015 14:13:00,745.8,745.8,745.4,745.4,300,4
06.11.2015 14:14:00,745.4,745.9,745.4,745.9,660,9
06.11.2015 14:15:00,745.6,745.8,745.3,745.8,980,14
06.11.2015 14:16:00,745.7,746.2,745.3,745.3,1640,18
06.11.2015 14:17:00,745.3,745.5,745.3,745.5,150,4
06.11.2015 14:18:00,745.5,745.5,745.3,745.3,1680,8
06.11.2015 14:19:00,745.5,746.1,745.5,746.1,180,5
06.11.2015 14:20:00,746.5,746.5,746.1,746.1,170,6
06.11.2015 14:21:00,746.1,746.1,746.1,746.1,70,2
06.11.2015 14:22:00,745.8,746.4,745.8,745.9,160,4
06.11.2015 14:23:00,745.8,745.8,745.4,745.4,610,5
06.11.2015 14:24:00,745.4,745.4,745.4,745.4,80,2
06.11.2015 14:25:00,745.4,745.9,745.4,745.4,180,10
06.11.2015 14:26:00,745.4,745.4,745.4,745.4,220,4
06.11.2015 14:27:00,745.4,745.4,745.3,745.3,510,5
06.11.2015 14:28:00,745.3,745.3,745.3,745.3,80,2
06.11.2015 14:29:00,745.3,745.3,745,745.3,1250,28
06.11.2015 14:30:00,745.3,746,745.2,745.2,760,15
06.11.2015 14:31:00,745.2,745.2,745.1,745.2,320,6
06.11.2015 14:32:00,745.2,745.2,745.2,745.2,80,2
06.11.2015 14:33:00,745.1,745.6,745,745,190,5
06.11.2015 14:34:00,745,746,745,745.3,1890,16
06.11.2015 14:35:00,745.8,745.8,745.2,745.2,410,6
06.11.2015 14:36:00,745.2,745.2,745.2,745.2,560,2
06.11.2015 14:37:00,745,745.9,740.8,741,12260,92
06.11.2015 14:38:00,741.3,741.4,740.8,740.8,1780,15
06.11.2015 14:39:00,740.8,740.9,740.8,740.8,190,5
06.11.2015 14:40:00,741.4,744,741.4,742.5,12740,42
06.11.2015 14:41:00,742.2,743.2,741.9,742,2380,16
06.11.2015 14:42:00,741.9,744.3,741.9,742.8,1940,19
06.11.2015 14:43:00,743.2,743.2,743.2,743.2,80,2
06.11.2015 14:44:00,743.9,745.7,743.9,745.7,5350,24
06.11.2015 14:45:00,745.1,746,745.1,745.3,2620,15
06.11.2015 14:46:00,746,747.3,746,746,1120,27
06.11.2015 14:47:00,746,746.8,745.9,745.9,160,4
06.11.2015 14:48:00,745.9,746.6,745.6,745.9,110,5
06.11.2015 14:49:00,746.6,746.6,745.3,745.4,1820,12
06.11.2015 14:50:00,745.4,745.5,745.4,745.5,80,2
06.11.2015 14:51:00,746.3,746.3,745.1,745.1,230,5
06.11.2015 14:52:00,745.5,745.9,744.9,744.9,1250,11
06.11.2015 14:53:00,744.9,744.9,744.9,744.9,410,4
06.11.2015 14:54:00,744.9,744.9,744.9,744.9,40,1
06.11.2015 14:55:00,745.6,745.6,744.9,744.9,400,5
06.11.2015 14:56:00,745,745,744.9,744.9,80,3
06.11.2015 14:57:00,744.9,744.9,744.1,744.1,1220,14
06.11.2015 14:58:00,744.1,744.2,743.5,743.5,1780,12
06.11.2015 14:59:00,743.5,744.3,743.4,743.4,90,4
06.11.2015 15:00:00,743.5,744.4,743.4,743.4,190,5
06.11.2015 15:01:00,743.4,743.4,743.4,743.4,80,2
06.11.2015 15:02:00,743.4,743.4,743.1,743.1,290,5
06.11.2015 15:03:00,743.2,743.2,743.2,743.2,80,4
06.11.2015 15:04:00,743.1,744.1,743.1,743.3,1260,23
06.11.2015 15:05:00,743.3,743.3,743.3,743.3,70,2
06.11.2015 15:06:00,743.4,743.9,743.2,743.3,1050,19
06.11.2015 15:07:00,743.3,743.3,743.3,743.3,40,1
06.11.2015 15:08:00,743.5,744.1,743.5,743.6,210,4
06.11.2015 15:09:00,743.6,743.6,743.6,743.6,110,4
06.11.2015 15:10:00,743.6,743.6,743.6,743.6,100,4
06.11.2015 15:11:00,743.6,743.8,743.6,743.8,90,3
06.11.2015 15:12:00,743.8,743.8,743.8,743.8,120,4
06.11.2015 15:13:00,744.4,744.7,744,744.7,290,6
06.11.2015 15:14:00,744.7,744.7,743.5,743.5,1080,21
06.11.2015 15:15:00,743.9,744.2,743.9,744,280,11
06.11.2015 15:16:00,744.2,744.6,744.1,744.5,470,5
06.11.2015 15:17:00,744.4,744.4,744.2,744.2,80,2
06.11.2015 15:18:00,744.2,744.2,744.2,744.2,80,3
06.11.2015 15:19:00,744.2,744.2,744.2,744.2,90,3
06.11.2015 15:20:00,744.5,744.5,744.2,744.2,140,5
06.11.2015 15:21:00,744.3,744.3,744.1,744.1,460,6
06.11.2015 15:22:00,744.2,744.2,744.1,744.1,40,2
06.11.2015 15:23:00,744.2,744.2,744.2,744.2,80,2
06.11.2015 15:24:00,744.8,744.8,744.2,744.2,180,3
06.11.2015 15:25:00,744.2,744.2,743.9,743.9,80,2
06.11.2015 15:26:00,744,744.8,744,744,470,3
06.11.2015 15:27:00,744,744,743.9,744,80,4
06.11.2015 15:28:00,743.9,743.9,743.9,743.9,640,7
06.11.2015 15:29:00,743.9,744.8,743.9,744,340,3
06.11.2015 15:30:00,744.1,744.7,743.9,743.9,490,11
06.11.2015 15:31:00,743.6,743.6,743.6,743.6,80,2
06.11.2015 15:32:00,743.6,743.6,743.6,743.6,80,2
06.11.2015 15:33:00,743.6,743.6,743.6,743.6,80,2
06.11.2015 15:34:00,743.6,743.6,743.6,743.6,70,2
06.11.2015 15:35:00,743.4,743.4,743.3,743.3,80,3
06.11.2015 15:36:00,744.1,744.1,743.4,743.4,470,9
06.11.2015 15:37:00,743.3,743.3,743.3,743.3,70,2
06.11.2015 15:38:00,743.3,743.7,743,743,680,7
06.11.2015 15:39:00,743,743,743,743,80,2
06.11.2015 15:40:00,743,743.1,743,743.1,70,2
06.11.2015 15:41:00,743,743.1,742.7,743,5180,21
06.11.2015 15:42:00,743.3,746.1,743.3,745.5,1870,44
06.11.2015 15:43:00,745.4,745.4,745,745.1,600,9
06.11.2015 15:44:00,745,745,744.7,744.8,1960,13
06.11.2015 15:45:00,744.8,745.4,744.8,744.8,680,13
06.11.2015 15:46:00,744.8,744.8,744.8,744.8,80,2
06.11.2015 15:47:00,744.8,744.8,744.8,744.8,70,2
06.11.2015 15:48:00,744.8,744.8,744.5,744.6,180,3
06.11.2015 15:49:00,744.5,744.5,744.5,744.5,80,2
06.11.2015 15:50:00,744.9,745,744.6,744.6,300,6
06.11.2015 15:51:00,745,745,744.6,744.6,100,3
06.11.2015 15:52:00,744.6,744.6,743.8,743.8,4840,19
06.11.2015 15:53:00,743.7,743.7,743.5,743.5,310,4
06.11.2015 15:54:00,743.4,743.4,743.4,743.4,80,2
06.11.2015 15:55:00,743.4,743.4,743.4,743.4,80,2
06.11.2015 15:56:00,743.4,743.5,743.4,743.4,70,3
06.11.2015 15:57:00,743.4,743.4,743.4,743.4,80,3
06.11.2015 15:58:00,743.4,743.4,742.7,742.7,80,3
06.11.2015 15:59:00,742.7,743.1,742.5,742.6,1050,10
06.11.2015 16:00:00,742.7,742.7,742.4,742.5,10620,29
06.11.2015 16:01:00,742.4,742.4,742.3,742.3,520,7
06.11.2015 16:02:00,742.3,742.8,742.3,742.5,590,10
06.11.2015 16:03:00,743,743.1,742.5,742.5,3170,22
06.11.2015 16:04:00,742.5,742.9,742.5,742.5,480,7
06.11.2015 16:05:00,742.5,742.5,742.5,742.5,80,2
06.11.2015 16:06:00,742.9,742.9,742.9,742.9,540,5
06.11.2015 16:07:00,742.9,742.9,742.9,742.9,80,2
06.11.2015 16:08:00,742.9,742.9,742.9,742.9,40,1
06.11.2015 16:09:00,743.7,743.7,742.9,742.9,180,3
06.11.2015 16:10:00,743,743.2,743,743.2,90,3
06.11.2015 16:11:00,743.7,744,743.7,744,340,5
06.11.2015 16:12:00,744,744.8,744,744.1,710,7
06.11.2015 16:13:00,744.2,744.2,744.2,744.2,80,4
06.11.2015 16:14:00,744.8,744.8,744.1,744.2,90,4
06.11.2015 16:15:00,744.1,744.2,744.1,744.1,80,5
06.11.2015 16:16:00,744.2,744.2,744.2,744.2,80,2
06.11.2015 16:17:00,744.1,744.1,744.1,744.1,510,3
06.11.2015 16:18:00,744.1,744.1,744.1,744.1,80,2
06.11.2015 16:19:00,744.1,744.7,744.1,744.1,200,5
06.11.2015 16:20:00,744.1,744.1,744.1,744.1,220,6
06.11.2015 16:21:00,744.1,744.1,744.1,744.1,80,2
06.11.2015 16:22:00,744.1,744.2,744.1,744.2,70,3
06.11.2015 16:23:00,744.3,744.6,744.3,744.4,200,6
06.11.2015 16:24:00,744.4,744.4,744.4,744.4,80,3
06.11.2015 16:25:00,744.7,745.2,744.5,744.5,210,7
06.11.2015 16:26:00,744.5,744.5,744.5,744.5,90,3
06.11.2015 16:27:00,744.5,744.5,744.5,744.5,80,2
06.11.2015 16:28:00,744.5,744.5,744.5,744.5,70,2
06.11.2015 16:29:00,744.5,745.2,744.5,744.6,100,5
06.11.2015 16:30:00,745.2,747.6,744.7,747.3,5820,73
06.11.2015 16:31:00,747.7,748.3,742,744.7,35360,145
06.11.2015 16:32:00,745.9,747.3,743.8,746.5,2900,44
06.11.2015 16:33:00,746.5,747.3,745.7,746.8,1210,21
06.11.2015 16:34:00,747.4,748.7,747.4,747.4,5090,42
06.11.2015 16:35:00,747.4,747.4,747.4,747.4,100,4
06.11.2015 16:36:00,747.4,747.8,747.4,747.4,1430,4
06.11.2015 16:37:00,747.4,747.4,746.8,746.8,1020,16
06.11.2015 16:38:00,747.4,747.4,744.7,745.4,4030,29
06.11.2015 16:39:00,745.9,746.9,745.9,746.3,560,13
06.11.2015 16:40:00,746.3,746.5,746.1,746.1,280,10
06.11.2015 16:41:00,746.1,747,745.7,746.1,5060,50
06.11.2015 16:42:00,746.9,747.3,746.1,746.7,4260,39
06.11.2015 16:43:00,746.7,747.2,746.1,746.1,3490,15
06.11.2015 16:44:00,746.1,747.1,746.1,746.4,1290,10
06.11.2015 16:45:00,747,747.8,746.6,746.7,1270,42
06.11.2015 16:46:00,747.3,747.3,745,745.9,7480,54
06.11.2015 16:47:00,746.7,747,746.3,746.3,600,6
06.11.2015 16:48:00,746.3,746.5,746.3,746.3,490,10
06.11.2015 16:49:00,746.9,746.9,746.5,746.5,130,13
06.11.2015 16:50:00,746.8,747.5,746.6,746.6,1280,16
06.11.2015 16:51:00,746.6,746.6,746.3,746.5,420,14
06.11.2015 16:52:00,746.5,746.5,746.5,746.5,300,5
06.11.2015 16:53:00,746.6,747.2,746.5,746.7,2930,21
06.11.2015 16:54:00,747.5,747.5,746.8,746.8,740,10
06.11.2015 16:55:00,746.8,746.8,744.9,745.5,18430,95
06.11.2015 16:56:00,745.7,746.4,745.5,745.6,1390,28
06.11.2015 16:57:00,745.8,747.4,745.2,746.4,13580,51
06.11.2015 16:58:00,746.5,746.8,746.1,746.7,460,10
06.11.2015 16:59:00,747,747.5,747,747,340,7
06.11.2015 17:00:00,747,748,747,747.6,890,21
06.11.2015 17:01:00,748,748.7,747.4,747.4,6900,53
06.11.2015 17:02:00,747.3,747.3,746.5,746.8,4900,28
06.11.2015 17:03:00,747.1,747.5,746.4,746.4,8150,30
06.11.2015 17:04:00,746.5,747,746.5,746.5,90,4
06.11.2015 17:05:00,746.5,747.3,746.4,746.5,690,15
06.11.2015 17:06:00,747.2,747.2,746.1,746.4,490,15
06.11.2015 17:07:00,746.4,746.4,746.1,746.1,70,2
06.11.2015 17:08:00,746,746.8,746,746.2,260,16
06.11.2015 17:09:00,746.2,746.2,746,746.1,330,10
06.11.2015 17:10:00,746,746.1,746,746,870,10
06.11.2015 17:11:00,746.2,746.5,746.1,746.2,600,10
06.11.2015 17:12:00,746.8,747.5,746.8,746.9,510,8
06.11.2015 17:13:00,746.9,746.9,746.9,746.9,170,3
06.11.2015 17:14:00,746.8,747.7,746.8,746.9,210,8
06.11.2015 17:15:00,746.8,746.9,744.9,744.9,5430,44
06.11.2015 17:16:00,744.9,746.3,744.1,744.9,6430,49
06.11.2015 17:17:00,744.9,744.9,744.8,744.8,120,4
06.11.2015 17:18:00,745.5,745.6,744.8,744.8,420,10
06.11.2015 17:19:00,744.4,744.9,744.2,744.5,1400,17
06.11.2015 17:20:00,745.2,745.2,744.5,744.5,1020,6
06.11.2015 17:21:00,744.8,745.1,744.8,745.1,190,3
06.11.2015 17:22:00,745.1,745.1,744.7,744.7,420,5
06.11.2015 17:23:00,744.7,745.9,744.7,745.2,1910,15
06.11.2015 17:24:00,745.9,745.9,745.2,745.2,560,12
06.11.2015 17:25:00,745.9,745.9,744.6,745.4,2030,15
06.11.2015 17:26:00,745.4,746.9,744.8,746.5,6090,38
06.11.2015 17:27:00,746.5,746.5,745.5,745.5,800,13
06.11.2015 17:28:00,746,746,745.5,745.5,150,4
06.11.2015 17:29:00,746,748.1,746,746.7,4660,51
06.11.2015 17:30:00,747.2,747.5,746.8,747.1,1290,11
06.11.2015 17:31:00,747,747.5,745.3,745.3,9200,48
06.11.2015 17:32:00,746,746,745.3,745.3,650,10
06.11.2015 17:33:00,745.9,745.9,745.3,745.3,400,5
06.11.2015 17:34:00,745.8,747.1,745.4,746.1,1180,17
06.11.2015 17:35:00,746.7,747.3,746,747,2270,37
06.11.2015 17:36:00,747,747.5,745,745,2580,27
06.11.2015 17:37:00,745.3,746,745.1,745.1,370,5
06.11.2015 17:38:00,745.3,746,745.1,745.1,2170,18
06.11.2015 17:39:00,745.5,745.5,745.5,745.5,70,2
06.11.2015 17:40:00,745.5,745.5,745.5,745.5,80,2
06.11.2015 17:41:00,746,746.5,745.5,745.6,1430,12
06.11.2015 17:42:00,746.1,746.1,745.4,745.8,890,17
06.11.2015 17:43:00,745.8,745.8,745.4,745.7,3210,14
06.11.2015 17:44:00,746,746.5,745.4,745.7,5780,23
06.11.2015 17:45:00,746.2,746.2,745.4,745.5,1040,22
06.11.2015 17:46:00,745.2,745.9,745.2,745.4,180,8
06.11.2015 17:47:00,746,746,745.4,745.4,970,13
06.11.2015 17:48:00,746,746.2,745.3,745.4,1210,20
06.11.2015 17:49:00,745.4,745.4,744,744,2790,18
06.11.2015 17:50:00,744.2,744.2,744.2,744.2,290,5
06.11.2015 17:51:00,744.2,744.2,744.2,744.2,190,4
06.11.2015 17:52:00,744.2,744.2,744,744.1,1240,30
06.11.2015 17:53:00,744.5,744.5,744,744,270,6
06.11.2015 17:54:00,744,744,743.7,743.7,1190,10
06.11.2015 17:55:00,743.7,744,743.7,743.8,180,7
06.11.2015 17:56:00,743.8,746.2,743.6,745.7,5280,41
06.11.2015 17:57:00,746.3,746.6,744.6,745.5,3330,29
06.11.2015 17:58:00,744.7,744.9,743.5,743.6,2760,55
06.11.2015 17:59:00,743.6,743.6,743.1,743.2,1810,36
06.11.2015 18:00:00,743.2,743.3,743.2,743.3,390,11
06.11.2015 18:01:00,743.3,743.3,742.9,743,2040,48
06.11.2015 18:02:00,743,743.6,741.4,741.4,7340,95
06.11.2015 18:03:00,741.4,743.6,740.5,742.9,37620,277
06.11.2015 18:04:00,743.5,743.9,743,743,840,24
06.11.2015 18:05:00,742.9,742.9,742.5,742.6,420,17
06.11.2015 18:06:00,742.6,742.6,742.5,742.6,150,5
06.11.2015 18:07:00,742.7,743.2,742.5,742.5,570,5
06.11.2015 18:08:00,743.2,743.9,742.2,742.2,2470,46
06.11.2015 18:09:00,742.3,742.6,742.2,742.3,400,11
06.11.2015 18:10:00,742.2,743,742.2,742.5,2320,53
06.11.2015 18:11:00,742.5,742.7,742.2,742.2,6400,42
06.11.2015 18:12:00,742.2,742.6,742.1,742.3,3280,72
06.11.2015 18:13:00,742.9,743.3,742.9,743.3,1260,6
06.11.2015 18:14:00,742.7,743.1,742.7,743.1,320,14
06.11.2015 18:15:00,742.8,743,742.8,742.9,1650,27
06.11.2015 18:16:00,742.9,743.7,742.9,743.2,1690,42
06.11.2015 18:17:00,743.2,748.8,743.1,744,25350,160
06.11.2015 18:18:00,744.7,745.6,744.5,744.9,1300,20
06.11.2015 18:19:00,744.6,746.3,744.6,745.4,2470,34
06.11.2015 18:20:00,745.5,747,745,746.2,8940,116
06.11.2015 18:21:00,746.2,747.2,745.4,745.4,22410,154
06.11.2015 18:22:00,746,746.3,745.5,745.5,1120,6
06.11.2015 18:23:00,745.7,746.3,745.7,745.8,170,7
06.11.2015 18:24:00,745.8,745.8,745.8,745.8,0,0
06.11.2015 18:25:00,745.7,746.2,745.7,745.7,900,8
06.11.2015 18:26:00,746,746,744.7,744.7,1560,23
06.11.2015 18:27:00,745.5,745.5,745.5,745.5,30,1
06.11.2015 18:28:00,745.5,745.5,744.9,744.9,100,3
06.11.2015 18:29:00,745.2,745.2,743.2,743.2,8110,83
06.11.2015 18:30:00,743.1,745.6,743.1,744.7,5000,25
06.11.2015 18:31:00,744.8,745.6,744.4,745.2,500,11
06.11.2015 18:32:00,745.6,745.6,745.6,745.6,90,2
06.11.2015 18:33:00,745.7,746.6,745.7,745.9,2730,12
06.11.2015 18:34:00,746.7,746.8,746.6,746.8,1450,7
06.11.2015 18:35:00,746.6,746.9,746,746,1670,13
06.11.2015 18:36:00,746.8,747,745.5,745.5,12230,62
06.11.2015 18:37:00,745.5,745.5,745.5,745.5,0,0
06.11.2015 18:38:00,745.6,746.5,744.3,744.5,4510,64
06.11.2015 18:39:00,745.3,745.8,744.1,745.8,1850,27
